Frontend разработчик,Frontend-разработчик,,,
Frontend разработчик,Frontend-разработчик ( Junior или Middle ),90000,,RUR
Frontend разработчик,Frontend разработчик,140000,,RUR
Frontend разработчик,Frontend-разработчик (React),,,
Frontend разработчик,Разработчик JavaScript (React),,,
Frontend разработчик,Junior+/Middle Frontend разработчик,100000,100000,RUR
Frontend разработчик,Frontend-разработчик (React),,,
Frontend разработчик,Разработчик Frontend (стажер),,,
Frontend разработчик,Junior+/Middle Frontend-разработчик/JavaScript разработчик,60000,100000,RUR
Frontend разработчик,Программист-разработчик,,,
Frontend разработчик,Frontend-разработчик,,,
Frontend разработчик,Backend-разработчик,150000,,RUR
Frontend разработчик,Frontend-разработчик React,200000,,RUR
Frontend разработчик,Middle Frontend разработчик (React),,,
Frontend разработчик,Junior Frontend разработчик,40000,60000,RUR
Frontend разработчик,Frontend-разработчик,,,
Frontend разработчик,Front-End Разработчик,,,
Frontend разработчик,JavaScript разработчик (frontend),,,
Frontend разработчик,Frontend-разработчик,,,
Frontend разработчик,"Frontend разработчик (React, Next.js)",,,
Frontend разработчик,Frontend Разработчик,,,
Frontend разработчик,Frontend разработчик,120000,,RUR
Frontend разработчик,Frontend-разработчик,,,
Frontend разработчик,Frontend-разработчик,,187500,RUR
Frontend разработчик,"Frontend разработчик (TypeScript/React) , удаленно",,,
Frontend разработчик,Frontend разработчик Middle,,,
Frontend разработчик,Frontend-разработчик (Junior+),130000,180000,RUR
Frontend разработчик,Frontend-разработчик,25000,40000,RUR
Frontend разработчик,Frontend-разработчик в команду Managed Kubernetes,,,
Frontend разработчик,Frontend-разработчик (в офис),80000,100000,RUR
Frontend разработчик,Frontend-разработчик (junior/junior +),85000,140000,RUR
Frontend разработчик,Frontend-разработчик,,,
Frontend разработчик,Junior frontend разработчик (JavaScript/дистанционный формат​​​),,,
Frontend разработчик,Frontend-разработчик,60000,120000,RUR
Frontend разработчик,Junior/Middle Typescript Frontend разработчик,,150000,RUR
Frontend разработчик,Frontend-разработчик,,,
Frontend разработчик,Frontend-разработчик react.js,80000,130000,RUR
Frontend разработчик,Frontend разработчик,,300000,RUR
Frontend разработчик,Frontend разработчик (React.js),65000,,RUR
Frontend разработчик,Frontend-разработчик,,,
Frontend разработчик,Frontend разработчик (React/TypeScript) в команду разработки инженерного ПО,,,
Frontend разработчик,Frontend-разработчик (React),,150000,RUR
Frontend разработчик,Frontend разработчик (middle),,,
Frontend разработчик,"Ведущий Frontend-разработчик (React), финтех",,,
Frontend разработчик,Разработчик React,,,
Frontend разработчик,Frontend-разработчик (Middle),180000,250000,RUR
Frontend разработчик,Фронтэнд разработчик,,,
Frontend разработчик,Frontend-разработчик в игровой проект,,,
Frontend разработчик,Frontend-разработчик,,,
Frontend разработчик,Frontend-разработчик,,,
Frontend разработчик,Middle/Senior Frontend-разработчик (JS/React),120000,,RUR
Frontend разработчик,Frontend-разработчик (React),,,
Frontend разработчик,QA Engineer,,,
Frontend разработчик,Frontend-разработчик,,,
Frontend разработчик,Frontend-разработчик,40000,60000,RUR
Frontend разработчик,Frontend-разработчик (Vue.js),,,
Frontend разработчик,Frontend-разработчик/дизайнер,,,
Frontend разработчик,Frontend разработчик,70000,150000,RUR
Frontend разработчик,Frontend-разработчик (Junior frontend developer),50000,,RUR
Frontend разработчик,"Frontend разработчик (React, TypeScript)",200000,250000,RUR
Frontend разработчик,Frontend-разработчик (Middle / Senior),,,
Frontend разработчик,Frontend JavaScript-разработчик (Middle),,,
Frontend разработчик,Frontend Разработчик (React) - middle / middle+,130000,180000,RUR
Frontend разработчик,Junior Frontend-разработчик (React / Next),,,
Frontend разработчик,Frontend разработчик,,,
Frontend разработчик,Frontend разработчик (React),150000,250000,RUR
Frontend разработчик,Frontend Developer,,,
Frontend разработчик,React Frontend разработчик Middle/Middle+ (Удаленно),100000,200000,RUR
Frontend разработчик,Frontend-разработчик,,,
Frontend разработчик,Frontend-разработчик (удаленный формат работы),,,
Frontend разработчик,"Middle/Senior Frontend-разработчик (React, TypeScript)",,,
Frontend разработчик,Frontend разработчик (junior/middle),80000,,RUR
Frontend разработчик,Frontend разработчик,,,
Frontend разработчик,"Python-разработчик (Django, FastAPI)",,250000,RUR
Frontend разработчик,Java-разработчик в IT-компанию (удаленная работа),,,
Frontend разработчик,Frontend-разработчик (React),,,
Frontend разработчик,Frontend - разработчик,,,
Frontend разработчик,Разработчик React проект Лукойл,,330000,RUR
Frontend разработчик,Middle+ Frontend-разработчик,,,
Frontend разработчик,Frontend-разработчик,,,
Frontend разработчик,Frontend-разработчик (middle+),150000,250000,RUR
Frontend разработчик,Frontend-разработчик React,120000,150000,RUR
Frontend разработчик,React разработчик,,,
Frontend разработчик,Frontend разработчик,90000,150000,RUR
Frontend разработчик,"Фронтэнд Разработчик /Frontend developer (middle, middle+)",250000,,RUR
Frontend разработчик,Frontend-разработчик (Vue.JS),,,
Frontend разработчик,Frontend-разработчик (React/Middle),200000,,RUR
Frontend разработчик,Middle/Senior frontend-разработчик (JavaScript и TypeScript),,,
Frontend разработчик,Frontend-разработчик (React),,,
Frontend разработчик,Frontend разработчик,,,
Frontend разработчик,Frontend-разработчик,,,
Frontend разработчик,Frontend-разработчик,,,
Frontend разработчик,Frontend-разработчик,,,
Frontend разработчик,Frontend-разработчик,,100000,RUR
Frontend разработчик,Frontend-разработчик (Junior frontend developer),,,
Frontend разработчик,Frontend-разработчик (React),,150000,RUR
Frontend разработчик,Frontend-разработчик (React),,,
Frontend разработчик,Frontend-разработчик,,,
Frontend разработчик,Frontend разработчик (Middle),150000,,RUR
Frontend разработчик,Middle Frontend-разработчик,,360000,RUR
Python разработчик,Python junior,,100000,RUR
Python разработчик,Разработчик Python,,,
Python разработчик,Программист-разработчик,,,
Python разработчик,DevOps engineer,,,
Python разработчик,Junior Frontend разработчик,40000,60000,RUR
Python разработчик,Python разработчик,150000,,RUR
Python разработчик,Разработчик С++,330000,,RUR
Python разработчик,Junior iOS разработчик,50000,,RUR
Python разработчик,Web-разработчик,80000,,RUR
Python разработчик,Разработчик фронтенда,90000,,RUR
Python разработчик,Разработчик (Python),,,
Python разработчик,WEB-разработчик,100000,,RUR
Python разработчик,Python разработчик,,150000,RUR
Python разработчик,Python разработчик,,170000,RUR
Python разработчик,Frontend-разработчик (Vue.js),,,
Python разработчик,Python-разработчик (Junior),,,
Python разработчик,Стажер аналитик / разработчик (SQL / Python),,,
Python разработчик,Разработчик Python(RuPost),,,
Python разработчик,Frontend-разработчик (Middle / Senior),,,
Python разработчик,Backend-разработчик (python),,,
Python разработчик,ML Python Developer (Разработчик Python в области машинного обучения),200000,,RUR
Python разработчик,Python-разработчик,120000,150000,RUR
Python разработчик,Стажер-разработчик Python,,,
Python разработчик,"Python-разработчик (Django, FastAPI)",,250000,RUR
Python разработчик,Программист-разработчик,70000,,RUR
Python разработчик,Стажер-разработчик Python,,,
Python разработчик,Python developer (remote),,,
Python разработчик,Python\Golang разработчик,,,
Python разработчик,Backend разработчик,,,
Python разработчик,Программист-разработчик Python,,,
Python разработчик,Разработчик C# (Junior+/Middle-),,,
Python разработчик,Python-разработчик,,,
Python разработчик,Backend разработчик (Python),,,
Python разработчик,Разработчик БПЛА,160000,190000,RUR
Python разработчик,Программист-разработчик (стажер),120000,120000,RUR
Python разработчик,Бэкенд-разработчик Python (middle),130000,190000,RUR
Python разработчик,Python-разработчик,,,
Python разработчик,Frontend разработчик (Middle),150000,,RUR
Python разработчик,Junior Python Разработчик,,165000,RUR
Python разработчик,Backend разработчик (Python),,,
Python разработчик,Хемоинформатик,200000,250000,RUR
Python разработчик,ML-разработчик,150000,,RUR
Python разработчик,Middle python разработчик,,,
Python разработчик,Python разработчик,60000,110000,RUR
Python разработчик,Разработчик C# .NET проект Лукойл,,330000,RUR
Python разработчик,Python developer/Backend разработчик (middle),,,
Python разработчик,Junior/Junior+ computer vision,,,
Python разработчик,Python разработчик,,,
Python разработчик,Разработчик ETL,250000,380000,RUR
Python разработчик,Фронтенд-разработчик со знанием ReactJS и TypeScript,140000,200000,RUR
Python разработчик,Разработчик Python,,300000,RUR
Python разработчик,Middle Python разработчик,,,
Python разработчик,Инженер по тестированию ПО,,,
Python разработчик,Python-разработчик / Python Developer,,,
Python разработчик,Java-разработчик (Gamedev),,,
Python разработчик,Разработчик PL SQL,150000,300000,RUR
Python разработчик,Python - разработчик,250000,330000,RUR
Python разработчик,Разработчик Python,4000,5000,USD
Python разработчик,Rust developer,200000,,RUR
Python разработчик,Front-end разработчик,,,
Python разработчик,Младший Web-разработчик,100000,,RUR
Python разработчик,Программист-разработчик,,,
Python разработчик,Python разработчик / Ко-фаундер (Удаленно),300000,1000000,RUR
Python разработчик,"Лоу-код разработчик ПО со профилем по машинному обучению (IoT, удалённо)",,,
Python разработчик,Разработчик по оптимизации бизнес-процессов (Python),,115000,RUR
Python разработчик,Front-end React-разработчик,,,
Python разработчик,"Разработчик (Python, AI)",130000,,RUR
Python разработчик,Разработчик ГИС,,,
Python разработчик,Backend разработчик Python+Django (удаленно),80000,,RUR
Python разработчик,Разработчик Python/Django,,,
Python разработчик,Frontend-разработчик,,,
Python разработчик,Продакт менеджер направления Умный дом,,,
Python разработчик,Разработчик ПО,100000,,RUR
Python разработчик,Middle Python разработчик,,,
Python разработчик,Backend-разработчик,100000,,RUR
Python разработчик,Pyhton разработчик,,,
Python разработчик,Computer Vision Engineer (Junior/Junior+),115000,200000,RUR
Python разработчик,Python разработчик,150000,200000,RUR
Python разработчик,QA Lead,,,
Python разработчик,"Разработчик Java Spring, проект Лукойл",,330000,RUR
Python разработчик,Middle Python разработчик,,,
Python разработчик,Разработчик SQL,,,
Python разработчик,Java-разработчик,,,
Python разработчик,Системный программист / разработчик Python,200000,350000,RUR
Python разработчик,Python разработчик (middle),,180000,RUR
Python разработчик,Разработчик Python / Computer Vision,,250000,RUR
Python разработчик,"Senior Python developer/Python разработчик (Django, FastAPI) в TravelTech",300000,400000,RUR
Python разработчик,Разработчик Python,,,
Python разработчик,Middle+ разработчик Python,250000,,RUR
Python разработчик,Frontend-разработчик (Angular),,,
Python разработчик,Backend Python разработчик в Рег.облако,,,
Python разработчик,Backend-разработчик в Авито,,,
Python разработчик,Frontend разработчик (React),,,
Python разработчик,Радиоинженер,150000,250000,RUR
Python разработчик,Python-разработчик,,425000,RUR
Python разработчик,Python разработчик (Удаленно),,,
Python разработчик,Backend Python-разработчик,,,
Python разработчик,Python-разработчик,,,
Python разработчик,C# разработчик,,,
Python разработчик,Python ML-разработчик (искусственный интеллект),180000,,RUR
C++ разработчик,Java-junior разработчик,50000,80000,RUR
C++ разработчик,Разработчик С++,330000,,RUR
C++ разработчик,Junior iOS разработчик,50000,,RUR
C++ разработчик,WEB-разработчик,100000,,RUR
C++ разработчик,Frontend-разработчик (Middle / Senior),,,
C++ разработчик,Разработчик С++ (Junior),,130000,RUR
C++ разработчик,Разработчик БПЛА,160000,190000,RUR
C++ разработчик,Программист-разработчик,,,
C++ разработчик,Java-разработчик (Gamedev),,,
C++ разработчик,Разработчик Python,4000,5000,USD
C++ разработчик,Rust developer,200000,,RUR
C++ разработчик,Unreal Engine разработчик,120000,200000,RUR
C++ разработчик,Python разработчик / Ко-фаундер (Удаленно),300000,1000000,RUR
C++ разработчик,UE разработчик,200000,,RUR
C++ разработчик,Разработчик ПО,100000,,RUR
C++ разработчик,C++ разработчик,,350000,RUR
C++ разработчик,Computer Vision Engineer (Junior/Junior+),115000,200000,RUR
C++ разработчик,Программист-разработчик Unreal Engine (Blueprints),,100000,RUR
C++ разработчик,Разработчик C++ (C++ Developer),,,
C++ разработчик,Backend-разработчик в Авито,,,
C++ разработчик,Ведущий разработчик С++,,500000,RUR
C++ разработчик,Радиоинженер,150000,250000,RUR
C++ разработчик,С++ разработчик,,,
C++ разработчик,Embedded разработчик C++,,450000,RUR
C++ разработчик,Разработчик С++ (IoT lab),,,
C++ разработчик,Младший разработчик CV алгоритмов/алгоритмов управления,50000,,RUR
C++ разработчик,Разработчик БПЛА,200000,230000,RUR
C++ разработчик,С++/UE Developer (Offroad Driving Simulator),,,
C++ разработчик,Разработчик в отдел нейросетей (ML-engineer),70000,,RUR
C++ разработчик,Разработчик нейронных сетей / машинного зрения,300000,,RUR
C++ разработчик,Программист-разработчик,100000,120000,RUR
C++ разработчик,Пентестер\Специалист по тестированию на проникновение в разработчика сканера уязвимостей,,220000,RUR
C++ разработчик,Junior CC++ разработчик (Embedded Linux),,,
C++ разработчик,Программист микроконтроллеров (embedded - разработчик),,,
C++ разработчик,Backend-разработчик Go (переход с других языков программирования),,,
C++ разработчик,Младший разработчик-исследователь,,,
C++ разработчик,Разработчик/Senior разработчик C++,200000,350000,RUR
C++ разработчик,Разработчик C#,200000,,RUR
C++ разработчик,Разработчик С++,150000,300000,RUR
C++ разработчик,Старший инженер-разработчик,,,
C++ разработчик,C/С++ разработчик,,,
C++ разработчик,"Старший С++ разработчик (Лимасcол, Кипр)",5500,7000,EUR
C++ разработчик,Стажер-разработчик бэкенда,,,
C++ разработчик,Разработчик C++ (Senior),250000,,RUR
C++ разработчик,Разработчик C/C++/Qt,,,
C++ разработчик,Ведущий инженер-программист,,,
C++ разработчик,Программист-разработчик С++,,,
C++ разработчик,Разработчик С,,200000,RUR
C++ разработчик,Разработчик С++/С /Java,180000,,RUR
C++ разработчик,Программист мироконтроллеров,,,
C++ разработчик,Разработчик QT (RnD SberOS),,,
C++ разработчик,Разработчик С++,,200000,RUR
C++ разработчик,Разработчик С++,250000,290000,RUR
C++ разработчик,Middle C++ Builder / Delphi программист (разработчик),100000,250000,RUR
C++ разработчик,Младший разработчик C++,,,
C++ разработчик,Интеграционный разработчик,,,
C++ разработчик,Middle/Senior C++ разработчик [ИРТЕЯ],,,
C++ разработчик,Инженер-разработчик (Computer Vision Engineer),,,
C++ разработчик,Разработчик С++ (Команда Эквайринг),180000,220000,RUR
C++ разработчик,Программист С++,,,
C++ разработчик,Инженер-программист (Linux),,,
C++ разработчик,Программист С++ (спецэффекты),,,
C++ разработчик,Middle C++ Developer | Разработчик C++,,,
C++ разработчик,Программист по автоматическим системам управления летательными аппаратами,,,
C++ разработчик,Embedded разработчик,,,
C++ разработчик,Разработчик C/C++ Middle,,,
C++ разработчик,Разработчик на Go в Главную страницу Яндекса,,,
C++ разработчик,С++ разработчик,,450000,RUR
C++ разработчик,Разработчик C++,,,
C++ разработчик,С++ разработчик,,,
C++ разработчик,Инженер-программист / Embedded-разработчик (Москва),180000,,RUR
C++ разработчик,Инженер-программист / Программист-разработчик,160000,220000,RUR
C++ разработчик,Программист - разработчик C/C++,,,
C++ разработчик,"С++ разработчик, Qt",,,
C++ разработчик,Программист-разработчик Python,,,
C++ разработчик,Разработчик С++ Junior,,200000,RUR
C++ разработчик,Разработчик на Python в Yandex Pay,,,
C++ разработчик,Разработчик С/С++ (Middle),,,
C++ разработчик,Младший аналитик (разработчик),,,
C++ разработчик,Linux Kernel Developer/Инженер-разработчик C,,,
C++ разработчик,Senior С++ разработчик (IoT lab),,,
C++ разработчик,Senior С++ разработчик (IoT lab),,,
C++ разработчик,С++ разработчик,,,
C++ разработчик,Разработчик Node.js,140000,180000,RUR
C++ разработчик,Backend-разработчик,,,
C++ разработчик,Разработчик С++,,,
C++ разработчик,Golang разработчик (EDR),,,
C++ разработчик,Инженер-разработчик встраиваемых систем,110000,190000,RUR
C++ разработчик,"Разработчик Python Developer Middle, Middle+ (робототехника)",,,
C++ разработчик,Инженер-программист группы разработки,,,
C++ разработчик,Golang разработчик в Платформу баз данных,,,
C++ разработчик,Программист С++ (Импортозамещение),,,
C++ разработчик,Senior С++ разработчик [Команда разработки ПО сетевого оборудования],,,
C++ разработчик,C++ разработчик (middle+ | senior),250000,300000,RUR
C++ разработчик,Solidity разработчик,180000,450000,RUR
C++ разработчик,Scala разработчик,,,
C++ разработчик,Ведущий разработчик C/C++,,,
C++ разработчик,Разработчик С++ (Геометрия и сеточные технологии),,,
C++ разработчик,C++ разработчик (ATMoSphere),,,
C++ разработчик,Senior С Developer / С - разработчик,,,
Unity разработчик,Sound Designer,,,
Unity разработчик,Unity-разработчик (GameDev),,,
Unity разработчик,"Junior QA инженер (Gamedev, удаленно)",,,
Unity разработчик,Разработчик Unity C# (десктопные приложения),,,
Unity разработчик,IOS разработчик,100000,,RUR
Unity разработчик,Junior Unity Developer,,,
Unity разработчик,Junior+ Unity Developer,,,
Unity разработчик,Unity C# разработчик (mobile),100000,250000,RUR
Unity разработчик,Разработчик (Unity3D),,,
Unity разработчик,Unreal Engine разработчик,120000,200000,RUR
Unity разработчик,"Разработчик (Unity3D, CG)",,,
Unity разработчик,Разработчик (Unity3D),,,
Unity разработчик,Программист-разработчик (GameDev),,,
Unity разработчик,Middle/Senior Backend developer (С#|.NET),,,
Unity разработчик,Middle Unity3D developer (Unity разработчик),100000,150000,RUR
Unity разработчик,2D Artist HyperCasual\Casual (Удаленно),,,
Unity разработчик,Разработчик Unity (геймдев),,,
Unity разработчик,Разработчик Unity,80000,,RUR
Unity разработчик,Разработчик на Unity,250000,350000,RUR
Unity разработчик,C# developer (Unity разработчик) Gamedev,,,
Unity разработчик,3D Animator,,150000,RUR
Unity разработчик,Senior Unity Developer,,,
Unity разработчик,"Разработчик .NET (C#), Unity",,120000,RUR
Unity разработчик,Frontend-разработчик 3D Three.js,120000,250000,RUR
Unity разработчик,Game designer (hyper/hybridcasual),,,
Unity разработчик,"Middle QA (Gamedev, Удаленно)",,,
Unity разработчик,Middle Unity developer / Юнити-разработчик,,,
Unity разработчик,"3D Generalist (GameDev, удаленно)",,,
Unity разработчик,Разработчик мобильных приложений на Android,,,
Unity разработчик,Разработчик мобильных приложений на iOS,,,
Unity разработчик,"Middle QA Engineer / Тестировщик (Card Games, удалённо)",,,
Unity разработчик,Penetration Tester,,,
Unity разработчик,Team Lead (Unity),,,
Unity разработчик,"Middle+ Unity Developer (Card Games), удаленно",,,
Unity разработчик,Unity 3D Developer,,,
Unity разработчик,"Unity Level Artist 2D/3D (Marketing, удаленно)",,,
Unity разработчик,Middle PHP-разработчик (Yii2),100000,150000,RUR
Unity разработчик,Android Разработчик,,,
Unity разработчик,Инженер-программист микроконтроллеров,100000,150000,RUR
Unity разработчик,"Senior 3D Artist, HardSurface/Environment (Удаленно)",,,
Unity разработчик,"Unity разработчик не казуальных игр уровня Middle (GameDev, С#)",,,
Unity разработчик,Разработчик Unity (Middle),100000,150000,RUR
Unity разработчик,"Разработчик на Unity (c#, metaverse, VR, AR)",120000,,RUR
Unity разработчик,"Middle QA (Shooter, Удалённо)",,,
Unity разработчик,Разработчик 3D/BIM моделей,,,
Unity разработчик,Разработчик сетевой архитектуры на Unity,150000,300000,RUR
Unity разработчик,Art Lead (удалённо),,,
Unity разработчик,C# Senior Developer (Web),,,
Unity разработчик,Middle Game Designer (Hyper Casual),,,
Unity разработчик,Разработчик интерактивных инсталляций (Ventuz/Touchdesigner),,,
Unity разработчик,Преподаватель по программированию,,90000,RUR
Unity разработчик,Mobile QA engineer (middle/middle+),,,
Unity разработчик,Инженер – программист (VR-разработчик),,,
Unity разработчик,"3D Generalist Unity (Hyper/Hybridcasual), Удаленно",,,
Unity разработчик,Старший программист / разработчик - Unity/С#,120000,,RUR
Unity разработчик,Anti-Cheat Developer (IOS)/Реверс-инженер,,,
Unity разработчик,Преподаватель (Разработчик игр на Unity),,,
Unity разработчик,"Level Artist, Game Dev (Удаленно)",,,
Unity разработчик,Senior/Lead Game designer (удаленно),,,
Unity разработчик,Senior Game Designer (монетизация),,,
Java разработчик,Ведущий программист Java (удалённо),,,
Java разработчик,Frontend-разработчик (React),,,
Java разработчик,Программист-разработчик,,,
Java разработчик,Java-junior разработчик,50000,80000,RUR
Java разработчик,One day offer: Java разработчик,,,
Java разработчик,Стажер-разработчик Java,,,
Java разработчик,"Frontend разработчик (TypeScript/React) , удаленно",,,
Java разработчик,Junior iOS разработчик,50000,,RUR
Java разработчик,Android разработчик,,,
Java разработчик,Java-разработчик,,,
Java разработчик,Java-программист,,,
Java разработчик,WEB-разработчик,100000,,RUR
Java разработчик,Разработчик Android,,,
Java разработчик,Java разработчик,,,
Java разработчик,Java разработчик,,,
Java разработчик,Java-разработчик,,,
Java разработчик,Junior Java разработчик,80000,,RUR
Java разработчик,Java разработчик,150000,240000,RUR
Java разработчик,Android Разработчик,130000,,RUR
Java разработчик,Junior Java Developer,,,
Java разработчик,Java разработчик,200000,,RUR
Java разработчик,Разработчик Java (Junior),,,
Java разработчик,Разработчик Java,,,
Java разработчик,Java-разработчик в IT-компанию (удаленная работа),,,
Java разработчик,Java-разработчик,,,
Java разработчик,Java разработчик (Middle),,,
Java разработчик,"Java-разработчик (Middle+,Senior)",,,
Java разработчик,Java Developer (портал gosuslugi),,,
Java разработчик,Backend/Java Разработчик,,,
Java разработчик,Middle Java Developer,,,
Java разработчик,Java-разработчик младшего/среднего уровня (junior/middle Java developer),,,
Java разработчик,Frontend разработчик,,,
Java разработчик,Программист-разработчик (стажер),120000,120000,RUR
Java разработчик,Java-разработчик,,,
Java разработчик,Программист-разработчик,,,
Java разработчик,Java-разработчик (финтех),120000,150000,RUR
Java разработчик,Backend тестировщик,,,
Java разработчик,Frontend разработчик (Middle),150000,,RUR
Java разработчик,Java-разработчик,,,
Java разработчик,Technical architect / Архитектор,,600000,RUR
Java разработчик,C# разработчик (middle),,,
Java разработчик,Начинающий инженер - программист,45000,,RUR
Java разработчик,Frontend разработчик,,,
Java разработчик,SDET,,450000,RUR
Java разработчик,Java разработчик (Middle / middle+),,,
Java разработчик,Middle Frontend разработчик,120000,,RUR
Java разработчик,Java разработчик (middle+),,,
Java разработчик,Frontend-разработчик (удаленно),,,
Java разработчик,Разработчик ETL,250000,380000,RUR
Java разработчик,QA engineer,,,
Java разработчик,Программист Java (middle),,,
Java разработчик,Разработчик Backend Java,230000,250000,RUR
Java разработчик,Golang Developer,,,
Java разработчик,Java разработчик,,,
Java разработчик,Java-разработчик (Gamedev),,,
Java разработчик,Java-разработчик (Middle/Middle+),,,
Java разработчик,Android-разработчик,,,
Java разработчик,Разработчик Python,4000,5000,USD
Java разработчик,Rust developer,200000,,RUR
Java разработчик,Java разработчик middle,200000,,RUR
Java разработчик,Программист-разработчик Java,,,
Java разработчик,Java-разработчик,100000,220000,RUR
Java разработчик,Junior Java-разработчик,,,
Java разработчик,Junior Java-разработчик,,,
Java разработчик,Python разработчик / Ко-фаундер (Удаленно),300000,1000000,RUR
Java разработчик,"Лоу-код разработчик ПО со профилем по машинному обучению (IoT, удалённо)",,,
Java разработчик,Java-разработчик (Middle),250000,320000,RUR
Java разработчик,Java-разработчик,150000,,RUR
Java разработчик,"Backend-разработчик (Junior/Junior+, Java)",,,
Java разработчик,Middle Java-разработчик,200000,270000,RUR
Java разработчик,Разработчик CRM middle/ middle+,200000,,RUR
Java разработчик,Frontend разработчик,,,
Java разработчик,Java-разработчик,3000,,USD
Java разработчик,Java-разработчик,,,
Java разработчик,Java-разработчик,200000,200000,RUR
Java разработчик,Java разработчик,,,
Java разработчик,Java-разработчик,,,
Java разработчик,"Java-junior разработчик, удалённо",50000,80000,RUR
Java разработчик,Middle Android разработчик (Мой МТС),,,
Java разработчик,"Java разработчик (middle/senior), Удалённо",,,
Java разработчик,Программист Junior+,100000,100000,RUR
Java разработчик,C++ разработчик,,350000,RUR
Java разработчик,"Разработчик Java Spring, проект Лукойл",,330000,RUR
Java разработчик,Java-разработчик,,,
Java разработчик,.Net разработчик,,,
Java разработчик,Программист Java,,,
Java разработчик,Java-разработчик,,,
Java разработчик,Android-разработчик,,,
Java разработчик,Android разработчик,140000,,RUR
Java разработчик,Программист Java,,,
Java разработчик,Backend-разработчик в Авито,,,
Java разработчик,Java-разработчик (удалённо),,,
Java разработчик,Frontend разработчик (React),,,
Java разработчик,Java-разработчик,180000,260000,RUR
Java разработчик,Руководитель группы разработки ПО (Head of development),,,
Java разработчик,Python-разработчик,,,
Java разработчик,Senior/Lead java разработчик (разработка АБС для филиала в Индии),,,
Java разработчик,PHP-разработчик (Удалённо),,,
Java разработчик,Java developer (One Day Offer - ГПС),,,
Java разработчик,Старший Java-разработчик,,,
Go разработчик,GO - developer,50000,100000,RUR
Go разработчик,WEB-разработчик,100000,,RUR
Go разработчик,Android разработчик,40000,90000,RUR
Go разработчик,Программист-разработчик,70000,,RUR
Go разработчик,Разработчик C# (Junior+/Middle-),,,
Go разработчик,Python-разработчик,,,
Go разработчик,Разработчик высоконагруженных приложений golang,80000,,RUR
Go разработчик,Go-разработчик,100000,270000,RUR
Go разработчик,Python разработчик,,,
Go разработчик,Разработчик Python,4000,5000,USD
Go разработчик,Front-end React-разработчик,,,
Go разработчик,PHP-разработчик (удаленно),,,
Go разработчик,Разработчик ПО,100000,,RUR
Go разработчик,Разработчик PHP (Middle+),,,
Go разработчик,Backend-разработчик в Авито,,,
Go разработчик,Golang-разработчик,,,
Go разработчик,Руководитель разработки,,,
Go разработчик,"Разработчик Go, Маркетплейс, Пользовательский контент",,,
Go разработчик,Golang-разработчик,2000,2500,USD
Go разработчик,Python разработчик,280000,500000,RUR
Go разработчик,"Разработчик Go, Маркетплейс, Антифрод",,,
Go разработчик,Golang-разработчик в 2GIS.KIT,,,
Go разработчик,"Разработчик Go, Маркетплейс, Ozon ID",,,
Go разработчик,Разработчик бэкенда,100000,,RUR
Go разработчик,PHP-разработчик,,250000,RUR
Go разработчик,Middle/Senior Backend developer (С#|.NET),,,
Go разработчик,С++ Разработчик,,,
Go разработчик,Python-разработчик,,,
Go разработчик,Пентестер\Специалист по тестированию на проникновение в разработчика сканера уязвимостей,,220000,RUR
Go разработчик,Backend-разработчик,200000,300000,RUR
Go разработчик,Junior/Junior+ PHP Разработчик (Junior/Junior+ PHP Backend Developer),,100000,RUR
Go разработчик,QA Lead,300000,,RUR
Go разработчик,Backend-разработчик Go (переход с других языков программирования),,,
Go разработчик,Руководитель группы разработчиков (Team Lead),,,
Go разработчик,Ruby on Rails разработчик,,,
Go разработчик,Go разработчик (DBaaS),,,
Go разработчик,Golang разработчик,,,
Go разработчик,Go разработчик,280000,400000,RUR
Go разработчик,Backend разработчик PHP Laravel (удалённо),120000,220000,RUR
Go разработчик,Middle/Senior Golang developer (удаленная работа),,,
Go разработчик,Go-разработчик в команду новостроек,,,
Go разработчик,Golang разработчик,,,
Go разработчик,Backend-разработчик Go (Приложение продавца),,,
Go разработчик,Golang разработчик (middle),,,
Go разработчик,Разработчик C++ (Senior),250000,,RUR
Go разработчик,Mobile QA-инженер в команду единой выдачи,,,
Go разработчик,DevOps инженер,,,
Go разработчик,"Разработчик Go, Разработка и автоматизация CI/CD",,,
Go разработчик,Разработчик на Go проект Deckhouse,250000,,RUR
Go разработчик,Frontend-разработчик Vue.js Senior,,,
Go разработчик,Python/Go инженер-разработчик,,,
Go разработчик,Backend Python (Middle) Разработчик,175000,250000,RUR
Go разработчик,Разработчик Python,,,
Go разработчик,"Разработчик Go, Ozon Invest, Кредитный конвейер, B2B",,,
Go разработчик,Gо-разработчик (Нешкола SwitchToGo),,,
Go разработчик,"Разработчик Go, Эквайринг, Ozon Fintech",,,
Go разработчик,Интеграционный разработчик,,,
Go разработчик,GoLang-разработчик,270000,300000,RUR
Go разработчик,Go разработчик,130000,180000,RUR
Go разработчик,Разработчик на Go в Главную страницу Яндекса,,,
Go разработчик,React Native Разработчик,120000,,RUR
Go разработчик,Python-разработчик в Учебник,,,
Go разработчик,Разработчик GO (Рекламная платформа),,,
Go разработчик,Golang разработчик,,,
Go разработчик,Python разработчик,,,
Go разработчик,"Разработчик Go (Маркетплейс, Сбор данных из открытых источников)",,,
Go разработчик,Junior+/Middle golang разработчик,,,
Go разработчик,Разработчик С++,,,
Go разработчик,Backend разработчик (Gо/ Golang),,,
Go разработчик,Golang разработчик (EDR),,,
Go разработчик,"Golang разработчик, медиа платформа",,,
Go разработчик,Golang разработчик в Платформу баз данных,,,
Go разработчик,Разработчик на Python в финансовую платформу,,,
Go разработчик,PHP-разработчик,,,
Go разработчик,Java разработчик Senior (Проект робот Елена),,,
Go разработчик,Solidity разработчик,180000,450000,RUR
Go разработчик,"Разработчик Go, Приложение продавца",,,
Go разработчик,Middle Go-Разработчик,,,
Go разработчик,Goland-разработчик,,,
Go разработчик,"PHP-разработчик,удаленно",150000,,RUR
Go разработчик,Разработчик GO (back-end),,,
Go разработчик,Разработчик Go (Поисковой движок),,,
Go разработчик,Администратор IT проектов,,,
Go разработчик,Разработчик Go,,,
Go разработчик,Backend - разработчик PHP/Golang,200000,250000,RUR
Go разработчик,C++ developer,,,
Go разработчик,"Разработчик Go (Golang, Back-end)",,,
Go разработчик,Backend разработчик Go,,,
Go разработчик,Golang разработчик,,,
Go разработчик,Руководитель отдела разработки,250000,350000,RUR
Go разработчик,"Разработчик Go, Маркетплейс, Контент и товары, Атрибуты товаров",,,
Go разработчик,Golang Разработчик,2000,3000,USD
Go разработчик,Middle+ Node.js разработчик (удаленно),,350000,RUR
Go разработчик,Golang-разработчик,,,
Go разработчик,Backend-разработчик (.net),,,
Go разработчик,Golang-разработчик,,,
Go разработчик,Middle Go разработчик,,280000,RUR
Go разработчик,Back-End разработчик на C# и .net core,220000,350000,RUR
Go разработчик,Go разработчик (Enterprise Manager),,,
Go разработчик,Разработчик C++ (junior+/middle),,,
Rust разработчик,Rust developer,200000,,RUR
Rust разработчик,Backend-разработчик в Авито,,,
Rust разработчик,Разработчик Rust (Рекламная платформа),,,
Rust разработчик,Rust-разработчик (разработка для поискового движка),220000,,RUR
Rust разработчик,Golang разработчик (EDR),,,
Rust разработчик,Программист-разработчик C++&Python,130000,200000,RUR
Rust разработчик,"PHP-разработчик,удаленно",150000,,RUR
Rust разработчик,Разработчик Full-stack,200000,300000,RUR
Rust разработчик,Rust разработчик,,,
Rust разработчик,Старший C++ разработчик (GigaCode),,,
Rust разработчик,Penetration Tester,,,
Rust разработчик,Backend разработчик (C++),,,
Rust разработчик,Rust разработчик,,,
Rust разработчик,Системный разработчик С,,,
Rust разработчик,Rust разработчик,,350000,RUR
Rust разработчик,FPGA-разработчик,200000,,RUR
Rust разработчик,Full-stack разработчик,,,
Rust разработчик,C ++ разработчик,,,
Rust разработчик,GO разработчик (Рекламная платформа),,,
Rust разработчик,Старший разработчик (C\Rust),,,
Rust разработчик,Разработчик С,,,
Rust разработчик,Anti-Cheat Developer (IOS)/Реверс-инженер,,,
Rust разработчик,"Ведущий инженер-программист (разработчик ПО, Junior или Middle/Senior Frontend разработчик) ЦАТЭ",,,
Rust разработчик,"Fullstack developer (JS, C++)",,,
Rust разработчик,"Разработчик Go, Рекламный движок",,,
Rust разработчик,DevSecOps инженер,,,
Rust разработчик,"Разработчик (Golang, C)",,,
Rust разработчик,Golang разработчик (Attack Surface Management),,,
Rust разработчик,Ведущий разработчик,,,
Rust разработчик,Инженер по нагрузочному тестированию,,,
Rust разработчик,"Ведущий разработчик (Golang, C)",,,
